<application>
  <component name="ProjectManager">
    <defaultProject>
      <component name="CheckStyle-IDEA">
        <option name="configuration">
          <map>
            <entry key="active-configuration" value="LOCAL_FILE:/Users/codebox/Developer/github/codestyle/google_checks.xml:Google Style" />
            <entry key="checkstyle-version" value="8.22" />
            <entry key="copy-libs" value="false" />
            <entry key="location-0" value="BUNDLED:(bundled):Sun Checks" />
            <entry key="location-1" value="BUNDLED:(bundled):Google Checks" />
            <entry key="location-2" value="LOCAL_FILE:/Users/codebox/Developer/github/codestyle/google_checks.xml:Google Style" />
            <entry key="scan-before-checkin" value="false" />
            <entry key="scanscope" value="JavaOnlyWithTests" />
            <entry key="suppress-errors" value="false" />
          </map>
        </option>
      </component>
      <component name="CodeInsightWorkspaceSettings">
        <option name="optimizeImportsOnTheFly" value="true" />
      </component>
      <component name="CompilerConfiguration">
        <annotationProcessing>
          <profile default="true" name="Default" enabled="true" />
        </annotationProcessing>
      </component>
      <component name="CompilerWorkspaceConfiguration">
        <option name="MAKE_PROJECT_ON_SAVE" value="true" />
        <option name="PARALLEL_COMPILATION" value="true" />
      </component>
      <component name="DefaultGradleProjectSettings">
        <option name="delegatedBuild" value="true" />
        <option name="isMigrated" value="true" />
      </component>
      <component name="InspectionProjectProfileManager">
        <option name="PROJECT_PROFILE" value="Default" />
        <option name="USE_PROJECT_PROFILE" value="false" />
        <version value="1.0" />
      </component>
      <component name="MavenImportPreferences">
        <option name="generalSettings">
          <MavenGeneralSettings>
            <option name="mavenHome" value="/usr/local/Cellar/maven/3.6.1/libexec" />
            <option name="userSettingsFile" value="/usr/local/Cellar/maven/3.6.1/libexec/conf/settings.xml" />
          </MavenGeneralSettings>
        </option>
        <option name="importingSettings">
          <MavenImportingSettings>
            <option name="createModuleGroups" value="true" />
            <option name="importAutomatically" value="true" />
            <option name="jdkForImporter" value="11" />
            <option name="vmOptionsForImporter" value="-Xmx768m" />
          </MavenImportingSettings>
        </option>
      </component>
      <component name="MavenRunner">
        <option name="delegateBuildToMaven" value="true" />
        <option name="jreName" value="11" />
        <option name="skipTests" value="true" />
      </component>
      <component name="ProjectDictionaryState">
        <dictionary name="codebox" />
      </component>
      <component name="ProjectInspectionProfilesVisibleTreeState">
        <entry key="Project Default">
          <profile-state>
            <expanded-state>
              <State />
              <State>
                <id>Manifest</id>
              </State>
              <State>
                <id>Spelling</id>
              </State>
            </expanded-state>
            <selected-state>
              <State>
                <id>Spelling</id>
              </State>
            </selected-state>
          </profile-state>
        </entry>
      </component>
      <component name="PropertiesComponent">
        <property name="settings.editor.selected.configurable" value="reference.settings.project.maven.runner" />
      </component>
      <component name="SaveActionSettings">
        <option name="actions">
          <set>
            <option value="activate" />
            <option value="noActionIfCompileErrors" />
            <option value="organizeImports" />
            <option value="reformat" />
          </set>
        </option>
        <option name="configurationPath" value="" />
      </component>
      <component name="VcsManagerConfiguration">
        <option name="CHECK_CODE_SMELLS_BEFORE_PROJECT_COMMIT" value="false" />
        <option name="CHECK_NEW_TODO" value="false" />
        <option name="FORCE_NON_EMPTY_COMMENT" value="true" />
        <option name="OPTIMIZE_IMPORTS_BEFORE_PROJECT_COMMIT" value="true" />
        <option name="REFORMAT_BEFORE_PROJECT_COMMIT" value="true" />
        <option name="REARRANGE_BEFORE_PROJECT_COMMIT" value="true" />
      </component>
      <component name="masterDetails">
        <states>
          <state key="ScopeChooserConfigurable.UI">
            <settings>
              <splitter-proportions>
                <option name="proportions">
                  <list>
                    <option value="0.2" />
                  </list>
                </option>
              </splitter-proportions>
            </settings>
          </state>
        </states>
      </component>
    </defaultProject>
  </component>
</application>